{"nationalflags":[
{"name":"Ghana","shortname":"","code":"288","flag":"https://upload.wikimedia.org/wikipedia/commons/thumb/1/19/Flag_of_Ghana.svg/44px-Flag_of_Ghana.svg.png","korname":"가나"}
,{"name":"Gabon","shortname":"","code":"266","flag":"https://upload.wikimedia.org/wikipedia/commons/thumb/0/04/Flag_of_Gabon.svg/44px-Flag_of_Gabon.svg.png","korname":"가봉"}
,{"name":"Guyana","shortname":"","code":"328","flag":"https://upload.wikimedia.org/wikipedia/commons/thumb/9/99/Flag_of_Guyana.svg/44px-Flag_of_Guyana.svg.png","korname":"가이아나"}
,{"name":"Gambia","shortname":"","code":"270","flag":"https://upload.wikimedia.org/wikipedia/commons/thumb/7/77/Flag_of_The_Gambia.svg/44px-Flag_of_The_Gambia.svg.png","korname":"감비아"}
,{"name":"Guernsey","shortname":"","code":"831","flag":"https://upload.wikimedia.org/wikipedia/commons/thumb/f/fa/Flag_of_Guernsey.svg/44px-Flag_of_Guernsey.svg.png","korname":"건지 섬"}
,{"name":"France","shortname":"","code":"312","flag":"https://upload.wikimedia.org/wikipedia/commons/thumb/c/c3/Flag_of_France.svg/44px-Flag_of_France.svg.png","korname":"과들루프"}
,{"name":"Guatemala","shortname":"","code":"320","flag":"https://upload.wikimedia.org/wikipedia/commons/thumb/e/ec/Flag_of_Guatemala.svg/44px-Flag_of_Guatemala.svg.png","korname":"과테말라"}
,{"name":"Guam","shortname":"","code":"316","flag":"https://upload.wikimedia.org/wikipedia/commons/thumb/0/07/Flag_of_Guam.svg/44px-Flag_of_Guam.svg.png","korname":"괌"}
,{"name":"Grenada","shortname":"","code":"308","flag":"https://upload.wikimedia.org/wikipedia/commons/thumb/b/bc/Flag_of_Grenada.svg/44px-Flag_of_Grenada.svg.png","korname":"그레나다"}
,{"name":"Greece","shortname":"","code":"300","flag":"https://upload.wikimedia.org/wikipedia/commons/thumb/5/5c/Flag_of_Greece.svg/44px-Flag_of_Greece.svg.png","korname":"그리스"}
,{"name":"Greenland","shortname":"","code":"304","flag":"https://upload.wikimedia.org/wikipedia/commons/thumb/0/09/Flag_of_Greenland.svg/44px-Flag_of_Greenland.svg.png","korname":"그린란드"}
,{"name":"Guinea","shortname":"","code":"324","flag":"https://upload.wikimedia.org/wikipedia/commons/thumb/e/ed/Flag_of_Guinea.svg/44px-Flag_of_Guinea.svg.png","korname":"기니"}
,{"name":"Guinea-Bissau","shortname":"","code":"624","flag":"https://upload.wikimedia.org/wikipedia/commons/thumb/0/01/Flag_of_Guinea-Bissau.svg/44px-Flag_of_Guinea-Bissau.svg.png","korname":"기니비사우"}
,{"name":"Namibia","shortname":"","code":"516","flag":"https://upload.wikimedia.org/wikipedia/commons/thumb/0/00/Flag_of_Namibia.svg/44px-Flag_of_Namibia.svg.png","korname":"나미비아"}
,{"name":"Nauru","shortname":"","code":"520","flag":"https://upload.wikimedia.org/wikipedia/commons/thumb/3/30/Flag_of_Nauru.svg/44px-Flag_of_Nauru.svg.png","korname":"나우루"}
,{"name":"Nigeria","shortname":"","code":"566","flag":"https://upload.wikimedia.org/wikipedia/commons/thumb/7/79/Flag_of_Nigeria.svg/44px-Flag_of_Nigeria.svg.png","korname":"나이지리아"}
,{"name":"44px-Proposed flag of Antarctica rRrGraham BartramlLl","shortname":"","code":"010","flag":"https://upload.wikimedia.org/wikipedia/commons/thumb/b/bb/Proposed_flag_of_Antarctica_%28Graham_Bartram%29.svg/44px-Proposed_flag_of_Antarctica_%28Graham_Bartram%29.svg.png","korname":"남극"}
,{"name":"South Sudan","shortname":"","code":"728","flag":"https://upload.wikimedia.org/wikipedia/commons/thumb/7/7a/Flag_of_South_Sudan.svg/44px-Flag_of_South_Sudan.svg.png","korname":"남수단"}
,{"name":"South Africa","shortname":"","code":"710","flag":"https://upload.wikimedia.org/wikipedia/commons/thumb/a/af/Flag_of_South_Africa.svg/44px-Flag_of_South_Africa.svg.png","korname":"남아프리카 공화국"}
,{"name":"Netherlands","shortname":"","code":"528","flag":"https://upload.wikimedia.org/wikipedia/commons/thumb/2/20/Flag_of_the_Netherlands.svg/44px-Flag_of_the_Netherlands.svg.png","korname":"네덜란드"}
,{"name":"Netherlands Antilles rRr1986%E2%80%932010lLl","shortname":"","code":"530","flag":"https://upload.wikimedia.org/wikipedia/commons/thumb/a/ae/Flag_of_the_Netherlands_Antilles_%281986%E2%80%932010%29.svg/44px-Flag_of_the_Netherlands_Antilles_%281986%E2%80%932010%29.svg.png","korname":"네덜란드령 안틸레스"}
,{"name":"Nepal","shortname":"","code":"524","flag":"https://upload.wikimedia.org/wikipedia/commons/thumb/9/9b/Flag_of_Nepal.svg/33px-Flag_of_Nepal.svg.png","korname":"네팔"}
,{"name":"Norway","shortname":"","code":"578","flag":"https://upload.wikimedia.org/wikipedia/commons/thumb/d/d9/Flag_of_Norway.svg/44px-Flag_of_Norway.svg.png","korname":"노르웨이"}
,{"name":"Norfolk Island","shortname":"","code":"574","flag":"https://upload.wikimedia.org/wikipedia/commons/thumb/4/48/Flag_of_Norfolk_Island.svg/44px-Flag_of_Norfolk_Island.svg.png","korname":"노퍽 섬"}
,{"name":"New Zealand","shortname":"","code":"554","flag":"https://upload.wikimedia.org/wikipedia/commons/thumb/3/3e/Flag_of_New_Zealand.svg/44px-Flag_of_New_Zealand.svg.png","korname":"뉴질랜드"}
,{"name":"Niue","shortname":"","code":"570","flag":"https://upload.wikimedia.org/wikipedia/commons/thumb/0/01/Flag_of_Niue.svg/44px-Flag_of_Niue.svg.png","korname":"니우에"}
,{"name":"Niger","shortname":"","code":"562","flag":"https://upload.wikimedia.org/wikipedia/commons/thumb/f/f4/Flag_of_Niger.svg/44px-Flag_of_Niger.svg.png","korname":"니제르"}
,{"name":"Nicaragua","shortname":"","code":"558","flag":"https://upload.wikimedia.org/wikipedia/commons/thumb/1/19/Flag_of_Nicaragua.svg/44px-Flag_of_Nicaragua.svg.png","korname":"니카라과"}
,{"name":"South Korea","shortname":"","code":"410","flag":"https://upload.wikimedia.org/wikipedia/commons/thumb/0/09/Flag_of_South_Korea.svg/44px-Flag_of_South_Korea.svg.png","korname":"대한민국"}
]
}
